RiskGroup,count,mean,median,std
High Risk,20,638.149945778648,491.5277472409897,315.26453597056707
Low Risk,20,714.8772607735538,818.1148883747715,333.0748853236736
